"Page.total.likes","Type","Category","Post.Month","Post.Weekday","Post.Hour","Paid","LPost.Tot.Reach","LPost.Tot.Impressions","Lifetime.Engaged.Users","LPost.Consumers","LPost.Consumptions","LPost.Liked.Page.Impressions","LPost.Liked.Page.Reach","LPeople.Post.Like...Engange","comment","like","share","Total.Interactions","Clus_km"
139441,"Photo",2,12,4,3,0,2752,5091,178,109,159,3078,1640,119,4,79,17,100,0
139441,"Status",2,12,3,10,0,10460,19057,1457,1361,1674,11710,6112,1108,5,130,29,164,0
139441,"Photo",3,12,3,3,0,2413,4373,177,113,154,2812,1503,132,0,66,14,80,0
139441,"Photo",2,12,2,10,1,50128,87991,2211,790,1119,61027,32048,1386,58,1572,147,1777,1
139441,"Photo",2,12,2,3,0,7244,13594,671,410,580,6228,3200,396,19,325,49,393,1
139441,"Status",2,12,1,9,0,10472,20849,1191,1073,1389,16034,7852,1016,1,152,33,186,0
139441,"Photo",3,12,1,3,1,11692,19479,481,265,364,15432,9328,379,3,249,27,279,0
139441,"Photo",3,12,7,9,1,13720,24137,537,232,305,19728,11056,422,0,325,14,339,0
139441,"Status",2,12,7,3,0,11844,22538,1530,1407,1692,15220,7912,1250,0,161,31,192,0
139441,"Photo",3,12,6,10,0,4694,8668,280,183,250,4309,2324,199,3,113,26,142,0
139441,"Status",2,12,5,10,0,21744,42334,4258,4100,4540,37849,18952,3798,0,233,19,252,0
139441,"Photo",2,12,5,10,0,3112,5590,208,127,145,3887,2174,165,0,88,18,106,0
139441,"Photo",2,12,5,10,0,2847,5133,193,115,133,3779,2072,152,0,90,14,104,0
139441,"Photo",2,12,5,3,0,2549,4896,249,134,168,3631,1917,183,5,137,10,152,0
138414,"Photo",2,12,4,5,1,22784,39941,887,337,417,34415,19312,684,2,577,20,599,0
138414,"Status",2,12,3,10,0,10060,19680,1264,1209,1425,17272,8548,1162,4,86,18,108,0
138414,"Photo",3,12,3,3,0,1722,2981,163,123,148,1868,1050,123,2,40,12,54,0
138414,"Photo",1,12,2,12,1,53264,111785,1706,1103,1655,92512,39776,1307,15,678,20,713,1
138414,"Status",3,12,2,3,0,3930,7509,130,86,112,5009,2410,101,4,54,17,75,0
138414,"Photo",3,12,1,11,0,1591,2825,121,88,111,2116,1161,100,0,34,8,42,0
138414,"Photo",2,12,1,3,0,2848,5066,200,142,184,3561,1963,157,3,66,12,81,0
138414,"Photo",1,12,7,10,0,1384,2467,15,15,20,2196,1172,15,0,0,0,0,0
138414,"Link",1,12,7,10,0,3454,6853,118,104,130,6282,3100,106,0,16,2,18,0
138414,"Photo",3,12,7,3,0,2723,4888,176,118,143,2964,1621,143,0,72,24,96,0
138414,"Status",2,12,6,10,0,8488,15294,1341,1270,1489,9684,5244,995,3,99,19,121,0
138458,"Status",2,12,6,3,0,8284,15104,1521,1462,1711,10266,5372,1200,0,88,18,106,0
138458,"Status",2,12,5,11,0,19552,34143,2806,2531,3420,17748,9824,1779,10,412,72,494,1
138458,"Photo",3,12,5,3,0,2478,4306,212,124,149,2612,1443,166,0,100,17,117,0
138895,"Photo",2,12,5,3,0,9560,18264,973,559,885,9217,4748,621,36,523,63,622,1
138895,"Video",1,12,4,11,1,36208,61262,1141,1068,1728,30131,14112,559,18,143,13,174,0
138895,"Photo",2,12,4,2,0,4940,9390,385,306,501,5860,2930,273,33,107,22,162,0
138895,"Photo",2,12,3,10,0,1683,2929,192,171,221,1585,858,131,1,27,11,39,0
138895,"Photo",3,12,3,3,0,5280,9578,368,237,345,4480,2422,268,2,155,47,204,0
138895,"Photo",3,12,2,9,0,3002,5318,268,185,247,3039,1676,194,4,98,23,125,0
138895,"Photo",1,12,2,3,0,3766,7149,298,260,431,5782,2938,244,2,56,17,75,0
138895,"Photo",2,12,1,11,0,4512,7808,423,284,431,5183,2954,316,6,172,21,199,0
138895,"Photo",3,12,1,3,0,2690,4628,252,168,226,3052,1727,199,0,96,17,113,0
138895,"Photo",1,12,7,10,1,19800,28663,479,424,805,5187,2752,248,16,76,8,100,0
138895,"Status",2,12,7,9,0,17576,33058,5352,5202,6547,23135,11792,4104,11,227,31,269,0
138895,"Photo",1,12,7,3,0,3290,6085,306,284,402,4986,2584,247,1,44,14,59,0
138895,"Status",2,12,6,11,0,13280,24198,2055,1912,2720,17627,9344,1716,7,216,39,262,0
138895,"Link",1,12,6,3,1,18480,28438,517,366,460,12078,6752,319,6,187,18,211,0
138353,"Photo",1,12,5,10,0,7268,13989,2087,2079,12074,13544,7096,1975,7,26,3,36,0
138353,"Link",1,12,5,3,1,2645,4270,134,109,170,2330,1377,101,7,29,10,46,0
138353,"Photo",1,12,4,11,0,4284,8387,355,316,513,7283,3634,291,0,47,11,58,0
138353,"Link",1,12,4,3,1,7968,13023,206,158,223,6734,3492,138,4,57,10,71,0
138353,"Status",1,12,3,11,0,16576,30612,3572,3464,4802,24363,12888,3014,4,174,36,214,0
138353,"Link",1,12,3,2,0,1925,3481,97,83,126,2307,1180,77,6,18,8,32,0
138353,"Photo",1,12,2,11,0,3786,7329,338,283,450,6336,3216,280,0,77,15,92,0
138353,"Link",1,12,2,2,0,1536,3094,84,76,99,2903,1407,76,1,12,1,14,0
138353,"Photo",2,11,1,9,0,1728,3155,108,65,95,2313,1232,77,1,48,9,58,0
138329,"Photo",1,11,1,3,1,25248,40125,726,467,863,16132,8608,451,24,285,28,337,1
138329,"Photo",1,11,7,9,0,4894,8899,355,181,264,4914,2712,246,9,202,31,242,0
138329,"Photo",1,11,7,3,0,2935,5439,237,182,401,3901,2044,201,4,64,19,87,0
138329,"Photo",1,11,6,10,0,2425,4462,260,213,433,3017,1510,175,4,66,13,83,0
138329,"Video",1,11,6,2,1,16416,31950,459,411,539,21436,9568,363,2,65,14,81,0
138329,"Photo",1,11,5,11,0,5812,10465,343,204,301,4976,2764,240,2,164,54,220,0
138329,"Photo",1,11,5,3,0,2545,4846,165,131,167,3675,1901,134,0,40,13,53,0
138329,"Photo",1,11,4,10,0,2257,4372,230,173,327,3188,1557,168,3,76,11,90,0
138329,"Photo",1,11,4,3,1,27072,84885,421,304,487,35637,9712,263,4,139,17,160,0
138185,"Photo",1,11,3,11,1,10940,27951,417,335,591,15066,5100,319,8,101,14,123,0
138185,"Photo",1,11,3,2,1,50912,164528,630,513,952,54653,12704,346,8,144,10,162,0
138185,"Photo",1,11,2,10,1,28752,47358,802,654,1268,14091,7456,408,10,179,13,202,0
138185,"Photo",1,11,2,3,1,27216,81908,541,335,540,26869,7760,315,4,219,22,245,0
138185,"Photo",1,11,1,10,0,2352,5234,232,182,258,4101,1761,181,2,60,7,69,0
138185,"Photo",1,11,1,3,0,3416,6167,356,298,641,4530,2388,280,19,77,23,119,0
138185,"Photo",1,11,7,11,0,2149,4120,197,156,219,3302,1640,161,0,48,7,55,0
138185,"Photo",1,11,7,3,1,53456,93790,1576,995,1469,32646,14912,884,20,697,70,787,1
138185,"Photo",1,11,6,11,0,2168,3891,211,168,202,2873,1539,171,0,53,17,70,0
137893,"Photo",1,11,6,3,0,3102,5939,360,288,512,3537,1780,275,7,84,28,119,0
137893,"Photo",1,11,5,10,1,39344,103050,588,460,695,39304,11392,336,7,146,9,162,0
137893,"Video",1,11,5,3,1,100768,220447,2101,1735,2331,59658,18880,885,17,449,84,550,1
137893,"Status",3,11,4,11,0,9056,16362,1006,847,1153,9562,5180,740,3,226,44,273,0
137893,"Photo",1,11,4,2,1,11444,46054,555,418,717,13737,4320,438,14,172,47,233,0
137893,"Video",1,11,3,11,0,13544,30235,517,458,667,26622,11760,447,2,99,13,114,0
137893,"Photo",1,11,3,2,1,37376,68610,1150,808,1341,22100,10880,724,20,411,74,505,1
137893,"Photo",1,11,3,2,0,1228,2392,17,17,19,2392,1228,17,0,0,0,0,0
137177,"Photo",1,11,1,10,0,22984,59040,438,374,542,12716,4968,262,4,85,8,97,0
137177,"Photo",2,11,1,3,0,1445,2774,217,167,211,1924,1005,154,0,56,8,64,0
137177,"Photo",1,11,7,12,0,3754,8533,658,640,2085,6838,3224,598,2,29,7,38,0
137177,"Status",2,11,7,3,0,8728,17827,2295,2235,2828,15418,7344,2099,2,86,13,101,0
137177,"Photo",3,11,6,10,0,5990,11123,657,361,512,5057,2628,428,18,370,53,441,1
137177,"Photo",1,11,6,3,0,4582,9193,454,306,431,3691,1722,305,5,190,57,252,0
137177,"Photo",3,11,5,10,1,2938,5799,321,243,379,3668,1848,236,2,101,19,122,0
137177,"Status",3,11,5,2,0,6692,13092,199,108,141,7549,3336,156,2,99,16,117,0
137177,"Photo",1,11,4,9,1,2566,5244,384,280,469,3834,1806,266,10,140,8,158,0
137177,"Link",1,11,4,3,0,21176,54779,330,228,329,13858,5248,185,2,130,31,163,0
137177,"Photo",3,11,3,10,0,4012,7955,550,319,477,4625,2218,403,3,270,38,311,0
137177,"Photo",1,11,3,3,0,1531,2838,212,189,1359,1210,690,143,3,30,6,39,0
137059,"Photo",1,11,2,11,1,2938,6056,374,283,483,4509,2078,287,2,107,17,126,0
137059,"Photo",1,11,2,3,0,24720,37240,845,564,850,14475,8120,504,13,331,77,421,1
137059,"Photo",2,11,1,9,0,2219,4545,287,220,329,3189,1495,221,0,78,13,91,0
137059,"Photo",3,11,1,3,0,4732,9303,607,352,518,6201,3136,445,9,301,32,342,0
137059,"Photo",3,11,7,9,0,2225,4239,310,216,289,2570,1389,233,2,111,16,129,0
137059,"Photo",2,11,7,4,0,2626,4943,316,213,299,3047,1605,244,2,124,22,148,0
137059,"Photo",3,10,6,10,0,3090,5744,391,257,360,3521,1796,293,5,153,27,185,0
137059,"Photo",1,10,6,3,0,1101,2548,324,287,2418,1284,704,220,3,51,11,65,0
137059,"Photo",2,10,5,11,0,2819,5230,318,218,303,3128,1622,240,1,115,26,142,0
137020,"Status",2,10,5,3,1,12468,24917,2143,1966,2576,15850,7636,1661,7,310,61,378,1
137020,"Photo",1,10,4,10,0,12776,21893,785,539,881,13272,7800,575,12,328,90,430,1
137020,"Photo",1,10,4,9,1,1357,2453,37,37,55,2154,1120,32,0,0,0,0,0
137020,"Photo",2,10,4,3,0,68896,104952,2624,1326,1952,35707,19840,1354,26,1505,95,1626,1
137020,"Photo",3,10,3,10,0,1711,3174,288,245,339,2226,1118,205,2,63,14,79,0
137020,"Photo",1,10,3,4,0,1388,2544,224,219,931,2161,1214,172,0,13,4,17,0
137020,"Photo",1,10,2,11,1,2645,5472,357,315,482,4485,2101,265,4,59,9,72,0
137020,"Photo",1,10,2,4,0,70144,111745,3216,2628,4782,43671,20608,1542,42,955,139,1136,1
137020,"Photo",3,10,1,11,0,3674,7221,452,330,487,3832,1890,328,9,181,32,222,0
136736,"Status",2,10,1,4,0,9504,19556,1132,1032,1512,16018,7616,981,17,193,28,238,0
136736,"Photo",3,10,7,9,0,2426,4469,320,237,325,3120,1684,248,7,125,16,148,0
136736,"Status",2,10,7,3,0,13872,27468,2664,2570,3395,20198,10432,2252,4,217,50,271,0
136736,"Photo",1,10,6,10,0,1673,3655,338,324,1619,2598,1469,268,2,28,4,34,0
136736,"Photo",2,10,6,4,0,2428,4510,311,238,323,2888,1560,236,4,117,18,139,0
136642,"Photo",2,10,1,3,1,2227,4070,369,314,430,3227,1702,306,2,79,16,97,0
136642,"Photo",1,10,7,13,0,1592,2749,370,356,414,2551,1454,327,0,15,2,17,0
136642,"Photo",1,10,7,12,1,813,1568,323,319,387,1402,695,280,0,4,2,6,0
136642,"Photo",1,10,7,12,0,32208,57472,1810,1490,2286,56149,31648,1724,1,431,26,458,0
136642,"Photo",1,10,7,11,0,729,1374,303,298,331,1284,650,262,0,7,0,7,0
136642,"Photo",1,10,7,10,0,834,1570,399,392,510,1390,704,351,0,7,2,9,0
136393,"Photo",1,10,7,10,0,786,1573,263,257,318,1401,660,222,0,6,2,8,0
136393,"Status",2,10,7,9,0,15816,30514,2733,2654,3289,23584,11912,2361,6,186,40,232,0
136393,"Photo",1,10,7,8,0,619,1096,257,254,292,951,516,217,1,1,2,4,0
136393,"Photo",1,10,7,7,0,617,1071,229,223,265,935,521,191,1,3,2,6,0
136393,"Photo",1,10,7,5,0,677,1240,236,228,264,1098,580,196,0,7,2,9,0
136393,"Photo",3,10,7,3,0,3366,6647,474,345,495,3180,1674,385,3,198,41,242,0
136393,"Photo",1,10,6,13,0,747,1443,226,220,287,1252,632,194,0,9,1,10,0
136393,"Photo",1,10,6,13,0,645,1117,195,192,224,989,554,166,0,4,1,5,0
136393,"Photo",1,10,6,12,0,754,1510,206,205,252,1430,690,175,0,3,0,3,0
136393,"Photo",1,10,6,11,0,910,1673,207,201,247,1503,782,176,0,8,2,10,0
136393,"Photo",1,10,6,9,0,3906,8239,868,863,2632,7736,3768,774,0,7,3,10,0
136393,"Photo",1,10,6,9,0,659,1158,199,194,239,1041,576,169,1,7,2,10,0
136393,"Photo",1,10,6,8,0,652,1331,214,206,249,1249,588,182,0,11,1,12,0
136393,"Photo",1,10,6,6,0,861,1565,214,192,239,1351,717,180,2,28,4,34,0
136393,"Photo",1,10,6,2,0,3690,7659,424,388,644,6951,3290,377,0,56,12,68,0
136393,"Link",1,10,5,10,0,4664,9463,204,182,251,7196,3324,173,0,32,16,48,0
136013,"Photo",1,10,5,8,0,1080,2427,210,189,249,2195,934,184,4,32,3,39,0
136013,"Status",2,10,5,3,0,8896,17202,1480,1426,1932,13838,7020,1292,0,129,25,154,0
136013,"Photo",1,10,4,10,1,4018,8617,428,374,616,6677,2992,351,4,77,19,100,0
136013,"Link",1,10,4,3,0,68992,229733,1032,975,1345,17842,8032,635,15,143,44,202,0
136013,"Status",3,10,3,10,0,13152,25666,2543,2438,3179,20547,10280,2278,2,227,36,265,0
136013,"Status",2,10,3,2,1,31136,59964,6164,5934,9237,35977,18048,4376,60,859,90,1009,1
136013,"Photo",3,10,2,10,1,16776,39549,714,440,720,11860,6200,590,10,377,60,447,1
136013,"Photo",1,10,2,3,1,50736,140432,1462,1450,8308,46252,15552,1275,3,41,9,53,0
136013,"Photo",1,10,1,10,1,5324,11040,528,483,861,8627,4054,448,6,76,14,96,0
136013,"Photo",3,10,1,3,0,18120,44940,421,282,463,4401,2616,327,0,189,15,204,0
135713,"Photo",3,10,7,10,0,2291,3960,303,243,325,3020,1723,253,0,80,14,94,0
135713,"Status",2,10,7,4,0,10744,20691,1967,1877,2201,17502,8964,1834,3,148,28,179,0
135713,"Link",1,10,6,11,1,3616,6887,111,90,118,4263,2138,93,0,24,11,35,0
135713,"Photo",1,10,6,4,0,39984,112830,2105,1921,3932,70249,21328,1609,24,302,41,367,1
135713,"Photo",2,10,5,11,0,4010,7444,477,370,534,4406,2362,354,2,166,32,200,0
135713,"Photo",2,10,5,4,1,6564,12097,806,602,957,7682,4024,563,47,358,49,454,1
135713,"Photo",1,10,4,10,0,8612,20151,813,727,1390,16890,7208,630,7,161,25,193,0
135713,"Photo",2,10,4,1,0,5568,10282,746,545,867,5696,3162,537,13,319,55,387,1
135700,"Photo",2,9,3,7,0,1685,2999,322,295,424,1794,953,237,0,54,16,70,0
135700,"Photo",2,9,2,11,0,3756,7094,469,408,613,4935,2556,365,16,117,30,163,0
135700,"Photo",3,9,2,2,0,2656,4862,390,309,445,3273,1722,309,1,115,21,137,0
135700,"Photo",2,9,1,10,0,5086,9493,622,509,757,6200,3298,489,30,187,35,252,1
135617,"Photo",2,9,1,3,1,2055,3915,346,288,412,2970,1507,277,1,84,13,98,0
135617,"Photo",3,9,7,9,0,9384,14948,757,452,652,11148,7020,604,6,363,40,409,0
135617,"Photo",2,9,7,3,0,3992,7255,598,447,688,4428,2420,435,6,244,32,282,0
135617,"Photo",3,9,6,10,0,7512,13633,769,614,951,5503,3260,530,22,290,98,410,1
135617,"Status",2,9,6,4,0,11096,21080,1843,1724,2106,16095,8120,1604,4,243,41,288,0
135428,"Photo",2,9,5,3,1,2790,4879,435,360,513,3501,1999,351,0,113,19,132,0
135428,"Photo",1,9,4,10,1,13856,37716,519,450,672,26832,9064,389,2,77,5,84,0
135428,"Photo",3,9,4,2,1,10748,19724,892,498,719,13674,7624,704,8,485,64,557,1
135428,"Photo",2,9,3,2,1,2522,4583,455,390,547,3031,1674,333,6,99,16,121,0
135195,"Photo",3,9,2,9,0,4480,8039,572,430,599,5014,2704,416,3,188,26,217,0
135195,"Photo",1,9,2,2,0,1543,2874,360,334,463,2373,1228,267,2,30,6,38,0
135195,"Status",2,9,1,10,0,21256,41906,4840,4754,5906,35455,17592,4318,38,163,27,228,1
135195,"Photo",1,9,1,4,0,4484,7829,545,424,629,4208,2412,382,6,179,40,225,0
135195,"Photo",2,9,7,3,0,4398,8105,584,446,669,4799,2616,431,5,204,34,243,0
135195,"Status",2,9,6,10,1,13216,24738,2675,2584,2969,19599,10232,2342,2,165,22,189,0
135195,"Photo",3,9,6,3,1,22304,37159,1805,984,1618,22864,13304,1349,29,1047,98,1174,1
135195,"Photo",1,9,5,11,0,6208,10830,644,473,678,6866,4016,495,2,234,40,276,0
135195,"Photo",2,9,5,2,0,4518,8533,626,482,729,4215,2254,439,7,250,42,299,0
135195,"Photo",2,9,4,10,0,3582,6518,537,430,597,3857,2124,404,4,154,36,194,0
134879,"Status",2,9,4,4,1,9124,17776,1476,1397,1797,13887,7092,1331,20,150,29,199,0
134879,"Photo",1,9,3,10,0,14152,38806,631,549,836,19409,6632,404,4,102,8,114,0
134879,"Photo",3,9,3,2,1,4260,7989,588,435,622,4578,2432,436,1,226,44,271,0
134879,"Video",1,9,2,10,0,30624,56950,2080,1956,3253,32033,15744,1376,6,345,121,472,1
134879,"Photo",2,9,2,3,0,2363,4223,393,348,476,3332,1788,297,11,68,11,90,0
134879,"Photo",1,9,1,10,0,2232,4005,374,335,458,3247,1740,278,0,62,10,72,0
134879,"Photo",2,9,1,6,0,4048,7217,544,405,602,4046,2280,368,5,223,35,263,0
134879,"Photo",2,9,7,10,0,1804,2968,330,280,352,2293,1354,234,0,61,6,67,0
134879,"Photo",3,9,7,4,1,2351,4028,371,298,392,3112,1791,288,1,104,12,117,0
133679,"Photo",2,9,2,10,0,3100,5388,518,422,609,3927,2274,367,3,146,15,164,0
133679,"Photo",3,9,2,3,1,2360,4004,436,365,486,2757,1603,300,2,102,15,119,0
133679,"Photo",3,8,1,10,0,19648,33643,1359,695,990,24034,13528,1020,9,766,43,818,1
133679,"Photo",2,8,1,4,0,2295,3721,377,324,402,3121,1882,269,0,63,7,70,0
133594,"Photo",2,8,7,10,1,3934,6330,512,437,599,5010,3082,384,3,113,17,133,0
133594,"Photo",1,8,7,3,0,34512,76659,1666,1333,1977,54860,22816,1278,6,442,42,490,0
133594,"Photo",2,8,6,10,0,5282,8730,703,530,772,5123,3244,470,9,278,43,330,0
133594,"Photo",1,8,6,8,0,1809,3130,399,359,494,2541,1435,289,2,64,7,73,0
133594,"Photo",2,8,5,13,0,1920,3124,365,331,428,2541,1519,251,1,52,7,60,0
133451,"Photo",1,8,4,9,1,1954,3530,356,333,443,3295,1772,252,0,30,2,32,0
132817,"Photo",3,8,4,10,0,33536,64850,1954,1016,1678,50076,24448,1564,33,1155,102,1290,1
132817,"Photo",2,8,4,3,1,4204,7191,498,408,596,5161,2974,387,2,139,25,166,0
132817,"Photo",1,8,3,9,0,3376,6557,428,409,631,5700,2806,331,0,40,5,45,0
132817,"Status",2,8,3,2,1,9236,16054,1151,1130,1560,14014,7880,1075,2,53,15,70,0
132817,"Photo",3,8,2,10,0,72864,205934,946,759,1158,122474,30912,646,4,220,19,243,0
132817,"Photo",3,8,2,3,0,3358,5682,394,323,523,4200,2426,298,2,114,16,132,0
132201,"Photo",1,8,1,12,1,3254,5644,371,344,513,5069,2846,283,0,39,3,42,0
132201,"Photo",1,8,1,3,0,50640,121234,2240,1577,2779,92348,34880,1790,4,859,68,931,1
132201,"Photo",2,8,7,10,0,3734,6218,529,434,794,4831,2868,389,5,137,20,162,0
132201,"Photo",3,8,7,3,0,2594,4220,347,315,529,3418,2067,248,1,54,11,66,0
132201,"Photo",2,8,6,10,1,2232,3772,376,322,440,2205,1306,257,2,74,22,98,0
132201,"Photo",3,8,6,3,1,22120,54734,979,906,1751,46700,17528,796,6,98,3,107,0
132201,"Photo",3,8,5,10,0,7980,12978,630,398,521,9342,5372,467,2,264,21,287,0
132201,"Photo",2,8,5,1,0,1659,2845,345,321,424,1604,915,239,3,36,11,50,0
132201,"Photo",3,8,4,11,1,1006,1594,277,268,354,1055,651,187,1,11,3,15,0
132201,"Photo",3,8,4,3,1,12728,21685,844,461,683,15779,8844,657,4,435,31,470,0
131956,"Photo",1,8,3,10,0,28880,64746,1062,991,1971,40181,15808,740,2,114,10,126,0
131956,"Photo",2,8,3,4,0,1330,2327,363,351,433,1475,827,230,2,17,9,28,0
131956,"Status",2,8,2,12,0,14424,26000,304,286,383,25539,14056,291,41,15,1,57,0
131956,"Photo",1,8,2,7,0,14200,26728,1393,1354,3214,25610,13376,1233,3,87,10,100,0
131956,"Photo",3,8,1,12,0,5746,9874,769,632,1063,7407,4288,584,16,227,28,271,0
131956,"Photo",2,8,1,4,0,2540,4372,389,330,458,3655,2063,279,2,86,8,96,0
131956,"Photo",3,8,7,10,0,4324,7241,548,431,676,4972,3008,401,6,179,27,212,0
131808,"Status",2,8,7,4,0,8260,14305,997,953,1211,12905,7360,956,1,74,11,86,0
131808,"Status",2,8,6,10,1,20168,35904,3370,3244,5106,26881,15056,2806,18,332,54,404,1
131808,"Photo",1,8,6,6,0,5046,9084,528,477,906,7723,4184,421,2,80,21,103,0
131808,"Status",2,7,5,14,0,15296,25269,2827,2781,3627,22103,13296,2602,9,95,17,121,0
131728,"Photo",3,7,5,8,1,3414,6369,473,342,525,4518,2390,360,3,188,26,217,0
131728,"Photo",1,7,4,10,1,95424,252207,699,575,882,78287,22016,417,6,109,11,126,0
131728,"Photo",2,7,4,3,0,14824,21863,868,591,966,13498,8560,650,64,367,25,456,1
131630,"Photo",2,7,3,13,0,3504,5699,444,374,497,4487,2730,348,9,102,19,130,0
131630,"Photo",3,7,2,23,0,2822,5058,424,351,486,3681,2020,327,2,113,20,135,0
131630,"Photo",3,7,2,13,0,2973,5063,356,297,415,3764,2208,266,0,94,20,114,0
131630,"Status",2,7,2,6,1,10824,20573,135,126,153,20030,10384,126,6,14,1,21,0
131630,"Photo",1,7,1,11,0,4592,6691,320,289,423,3238,2100,222,1,43,10,54,0
131630,"Photo",2,7,1,5,0,3176,5278,372,319,577,3993,2426,279,1,98,21,120,0
131300,"Status",2,7,7,10,0,10956,19279,128,119,130,18838,10564,123,3,13,1,17,0
131300,"Photo",3,7,7,4,0,10888,19744,913,783,1370,14425,8048,722,12,237,45,294,0
131300,"Photo",2,7,6,10,0,3594,6316,424,354,530,4319,2468,309,4,112,23,139,0
131300,"Photo",1,7,6,2,0,3384,6166,451,395,561,4708,2508,344,2,101,25,128,0
130791,"Photo",2,7,5,11,1,4096,7200,487,406,723,4911,2826,355,10,145,31,186,0
130791,"Photo",3,7,5,3,0,19968,35161,1016,592,909,26701,14792,757,6,535,83,624,1
130791,"Photo",1,7,4,11,0,4892,8499,536,460,721,7389,4206,428,4,118,22,144,0
130791,"Status",2,7,4,6,0,17360,33613,2573,2448,6017,23338,11800,1905,9,484,79,572,1
130791,"Video",1,7,3,11,1,21872,40413,3872,3822,7327,24667,12920,2218,18,315,76,409,1
130791,"Photo",1,7,2,13,0,44464,66824,1052,930,1571,22904,14080,559,4,154,30,188,0
130791,"Photo",2,7,2,8,0,2881,5188,550,503,730,3840,2040,323,0,73,15,88,0
129600,"Photo",2,7,1,12,0,3460,6503,541,482,667,4371,2260,314,0,96,19,115,0
129600,"Photo",3,7,1,6,0,3406,5656,571,512,731,4446,2598,355,1,98,19,118,0
129600,"Photo",2,7,7,11,1,2602,4349,479,444,588,3342,1946,287,1,53,14,68,0
129600,"Photo",1,7,7,6,1,5848,9068,622,570,795,6651,4212,383,4,71,10,85,0
129600,"Photo",1,7,6,11,0,26944,43464,877,740,1097,20270,10208,563,6,194,34,234,0
129600,"Photo",3,7,6,5,0,5292,9321,756,646,1033,5867,3404,516,6,226,42,274,0
129600,"Status",2,7,5,12,1,15576,27513,2417,2327,3098,19078,10840,1839,11,238,51,300,0
129600,"Photo",3,7,5,3,0,54256,82011,1620,963,1419,42128,24224,977,10,755,58,823,1
129600,"Photo",2,7,4,12,1,3726,6372,602,574,785,4760,2852,399,30,47,8,85,0
129600,"Photo",1,7,4,6,1,31904,50539,863,770,1106,24010,12992,583,2,126,32,160,0
129600,"Photo",1,7,3,13,1,40336,65309,1407,1330,2251,27771,14848,907,4,104,10,118,0
129600,"Photo",2,7,3,1,0,4220,7774,685,597,838,4404,2326,407,10,167,26,203,0
129600,"Photo",3,7,2,13,0,4666,8360,729,648,1014,5010,2818,459,9,152,41,202,0
129600,"Photo",2,7,2,7,1,4274,7948,701,638,1020,5936,3164,460,0,128,15,143,0
129600,"Photo",1,7,1,13,0,28208,41650,964,827,1237,18035,11120,636,13,234,43,290,0
128032,"Photo",2,7,1,3,0,3330,5461,513,478,652,3675,2196,307,2,61,16,79,0
128032,"Photo",2,7,7,11,1,3528,5918,550,513,787,4606,2660,360,0,66,9,75,0
128032,"Photo",3,7,7,3,0,38576,55398,1355,890,1328,17365,12624,827,7,529,60,596,1
128032,"Photo",3,7,6,13,1,2628,4264,528,503,652,3086,1846,328,3,42,10,55,0
128032,"Photo",1,7,6,3,0,7232,12735,758,700,1236,8855,4712,471,2,75,24,101,0
128032,"Status",2,7,5,10,0,10188,16978,1473,1441,2136,14450,8536,1395,13,61,13,87,0
128032,"Photo",1,7,5,3,0,6408,11881,909,861,14974,7243,4040,490,26,162,7,195,0
128032,"Photo",1,7,4,9,1,3414,6050,515,493,710,5005,2704,340,2,47,4,53,0
128032,"Photo",2,7,4,5,1,53056,65260,2003,1412,2089,23679,17104,975,6,696,28,730,1
128032,"Photo",1,7,3,10,1,66976,111502,1191,1054,1641,40203,19968,708,7,215,47,269,0
127082,"Photo",1,7,3,3,1,76096,94644,2889,2495,4596,31096,19744,1276,22,534,31,587,1
126424,"Photo",3,7,4,12,0,5458,9098,1007,933,1181,5307,3204,537,1,143,27,171,0
126424,"Photo",2,7,4,3,0,3706,6194,895,884,1173,4700,2726,493,18,46,7,71,0
126424,"Status",2,7,3,13,0,18320,31448,3742,3682,7854,25584,14920,3300,36,98,14,148,0
126424,"Photo",3,7,3,4,1,2316,3611,722,716,862,2545,1529,372,0,25,5,30,0
126424,"Video",1,6,2,13,0,139008,277100,1779,1643,2356,107502,38720,1008,23,204,44,271,1
126345,"Photo",1,6,2,9,1,5854,11854,1043,947,19779,5901,2894,583,11,202,5,218,0
126345,"Photo",1,6,2,3,0,109056,191324,2552,2457,4906,48765,25024,1353,7,148,39,194,0
126345,"Photo",2,6,1,12,0,3212,4908,735,720,897,3399,2162,375,1,40,8,49,0
126345,"Photo",2,6,1,4,0,3046,4909,909,872,1147,3559,2126,477,1,71,17,89,0
126345,"Status",2,6,7,11,0,12044,20327,2240,2193,3599,17717,10400,2119,0,104,13,117,0
126141,"Photo",1,6,7,4,1,9652,16968,1400,1381,2801,15917,8972,1035,1,34,4,39,0
126141,"Photo",1,6,6,12,0,28112,47721,1631,1537,2438,41207,23440,1225,11,129,12,152,0
126141,"Status",2,6,6,4,0,8628,14847,870,843,1692,11970,6796,774,4,72,18,94,0
126141,"Photo",1,6,5,11,1,2431,4180,389,383,7980,3963,2301,342,0,15,3,18,0
126141,"Photo",1,6,4,22,1,20560,24112,936,860,1126,5648,3856,460,14,102,9,125,0
125612,"Photo",1,6,4,11,0,2402,4072,170,145,286,3147,1794,137,5,57,5,67,0
125612,"Photo",1,6,4,7,0,1729,3289,596,591,735,2888,1406,340,0,23,2,25,0
125612,"Photo",2,6,4,3,0,4320,7127,753,681,1021,4569,2782,459,5,141,26,172,0
125612,"Photo",1,6,3,11,0,2585,4410,569,560,781,3802,2144,348,0,19,5,24,0
125612,"Photo",2,6,3,3,0,3322,5969,610,569,852,4111,2236,375,1,71,23,95,0
125612,"Photo",1,6,2,13,0,3600,5807,691,656,913,3351,2110,436,0,72,21,93,0
125612,"Photo",1,6,2,2,0,11620,21564,1160,1138,2042,20024,10568,920,5,54,7,66,0
125612,"Photo",3,6,1,14,0,4248,7004,724,671,920,5063,3114,501,5,93,19,117,0
125612,"Photo",3,6,1,3,0,2763,4388,564,523,650,3519,2124,375,0,62,10,72,0
125612,"Photo",2,6,7,11,0,3558,5396,621,568,775,3708,2392,403,0,78,16,94,0
124940,"Photo",1,6,7,4,0,8324,14480,840,834,1388,13786,7736,662,0,14,1,15,0
124940,"Photo",2,6,6,9,0,6952,11469,909,779,1229,7431,4292,646,11,231,43,285,0
124940,"Photo",3,6,6,2,1,2823,4955,552,503,622,3579,1966,348,1,72,16,89,0
124940,"Photo",1,6,5,13,1,63840,102620,1382,1229,1871,32470,16480,760,9,197,28,234,0
124940,"Photo",3,6,5,3,1,11608,15323,985,705,940,8419,5840,594,4,330,29,363,0
124940,"Photo",1,6,4,12,0,58304,80871,884,715,1034,2289,1408,340,0,148,7,155,0
124940,"Photo",3,6,4,2,0,4762,8303,842,725,1014,6086,3494,569,2,208,28,238,0
124940,"Photo",2,6,3,13,0,6150,10217,750,676,969,6253,3742,445,12,148,28,188,0
124940,"Photo",3,6,3,3,1,4644,8178,768,683,1000,5651,3144,506,4,154,26,184,0
124940,"Photo",3,6,2,13,0,22464,29650,1029,934,1408,9376,6864,546,3,142,18,163,0
124940,"Photo",3,6,2,3,0,3754,6295,791,730,1072,4343,2590,482,8,107,20,135,0
124940,"Photo",1,6,1,13,0,4452,7998,666,658,948,7037,3768,397,0,22,3,25,0
124940,"Photo",3,6,1,3,0,3576,5525,664,618,870,4229,2672,403,2,84,13,99,0
124940,"Photo",3,6,7,10,0,3028,4794,579,548,740,3574,2184,349,2,59,12,73,0
124940,"Photo",3,6,7,3,1,4022,6503,647,616,995,5416,3312,423,3,65,14,82,0
124940,"Photo",1,6,6,12,1,52736,73584,1635,1622,2824,18580,10144,876,0,24,4,28,0
124940,"Photo",3,6,6,4,0,47376,70212,1557,1426,2051,22710,13344,697,9,186,23,218,0
123047,"Photo",3,6,5,12,0,3234,5113,756,724,937,3476,2174,347,0,58,17,75,0
123047,"Photo",2,6,5,3,0,3322,5553,702,656,863,3484,1968,328,2,74,14,90,0
123047,"Photo",3,6,4,13,0,6768,11525,768,672,930,7048,4012,408,2,180,44,226,0
123047,"Photo",2,6,4,5,1,11304,20647,1141,1065,1874,14792,7800,732,18,168,49,235,0
123047,"Photo",1,6,3,11,0,13544,18474,759,733,1082,7326,4120,408,0,36,5,41,0
123047,"Photo",3,6,2,13,0,3418,5659,581,546,770,4491,2620,327,2,51,6,59,0
123047,"Photo",3,6,2,5,1,3662,6476,560,522,677,4930,2660,319,2,67,14,83,0
123047,"Photo",3,6,1,10,0,56672,104966,2579,1334,1850,78678,37408,1831,20,1372,47,1439,1
123047,"Photo",3,6,1,3,1,3294,5499,526,488,599,4658,2710,305,2,57,6,65,0
121540,"Photo",3,6,1,3,0,3110,5405,732,712,892,4605,2540,342,2,33,10,45,0
121540,"Photo",2,5,7,14,0,3806,6486,722,658,880,4955,2772,361,1,79,17,97,0
120050,"Photo",3,5,5,9,1,3776,6736,577,529,719,4846,2614,371,3,97,22,122,0
120050,"Photo",3,5,4,12,0,39040,55633,1684,1183,2123,32021,19712,1101,16,617,58,691,1
120050,"Photo",3,5,4,4,1,4032,7278,684,607,848,4935,2644,432,7,139,34,180,0
120050,"Photo",3,5,3,12,0,21248,34095,1049,918,1438,11280,6664,536,20,199,32,251,0
119198,"Photo",3,5,3,5,0,4344,8025,692,626,872,4911,2528,367,1,107,26,134,0
119198,"Photo",3,5,2,12,0,2718,4698,566,528,663,3601,1992,306,0,50,10,60,0
119198,"Photo",3,5,2,1,0,3024,5630,596,560,721,4114,2098,341,0,64,20,84,0
119198,"Status",2,5,1,2,0,10152,17099,1636,1599,2755,15382,8980,1613,2,55,10,67,0
119198,"Photo",2,5,7,2,0,4708,8090,678,594,889,4664,2690,390,1,142,37,180,0
119198,"Photo",3,5,6,14,0,2772,4642,526,479,604,3353,1943,305,2,72,9,83,0
119198,"Photo",3,5,6,6,0,2812,4954,536,485,672,3382,1853,323,4,79,16,99,0
119198,"Photo",3,5,5,10,1,6460,11373,823,706,1197,6279,3612,505,25,244,44,313,1
117764,"Photo",1,5,4,10,0,18056,32576,1062,875,1389,26514,14728,701,25,307,58,390,1
117764,"Photo",3,5,4,4,0,5016,8745,679,569,966,5904,3322,488,6,212,36,254,0
117764,"Photo",3,5,3,11,0,3528,6181,470,415,583,4249,2352,322,2,95,17,114,0
117764,"Photo",2,5,2,11,0,6444,11509,734,625,1157,7910,4136,512,5,194,33,232,0
117764,"Photo",3,5,1,13,1,4458,7753,491,432,676,5493,3106,340,6,101,29,136,0
117764,"Link",1,5,1,2,0,12540,19301,344,322,396,16914,11008,289,3,46,14,63,0
117764,"Photo",3,5,7,13,1,4362,7378,604,509,767,5681,3216,469,3,156,20,179,0
117764,"Photo",3,5,7,2,0,38960,65149,2298,1702,3000,57722,34368,1978,37,821,90,948,1
117764,"Photo",3,5,6,13,0,3144,5067,392,356,507,3586,2148,271,1,58,13,72,0
117764,"Photo",3,5,6,8,1,4336,7705,574,484,847,5156,2752,403,12,155,23,190,0
117764,"Photo",3,5,5,13,0,81856,124753,3000,1637,2718,52477,27392,1756,45,1639,122,1806,1
116435,"Photo",2,5,5,9,0,5728,10164,676,587,1049,6890,3714,475,3,155,32,190,0
116435,"Photo",3,5,4,13,1,5490,9518,647,555,847,6549,3716,476,4,166,33,203,0
116435,"Status",1,5,4,3,1,23832,42313,1701,1570,2838,37816,21352,1578,6,210,39,255,0
116435,"Photo",3,5,3,7,0,18552,25542,1005,676,1021,15973,10584,676,4,400,25,429,0
116435,"Photo",2,5,2,14,0,4132,7165,552,495,713,4908,2754,398,2,98,18,118,0
116435,"Photo",1,5,2,8,0,4910,9209,625,561,869,5768,2812,411,12,138,38,188,0
116435,"Photo",3,5,1,13,0,4202,7633,562,481,730,6173,3298,428,3,148,16,167,0
116091,"Photo",2,5,1,3,0,5976,10441,689,544,833,7055,4046,487,2,267,40,309,0
116091,"Photo",2,5,7,14,0,5206,8962,565,492,878,6461,3708,414,1,144,29,174,0
116091,"Photo",3,5,7,2,0,6984,12066,780,631,1116,8188,4776,570,25,256,54,335,1
116091,"Photo",1,5,6,9,0,6000,10300,577,539,886,7886,4454,429,3,72,24,99,0
116091,"Photo",3,5,6,3,0,3332,5797,463,406,552,4347,2330,341,0,87,18,105,0
116091,"Status",2,5,5,7,0,9232,16811,908,861,1967,12996,7200,843,1,129,36,166,0
115893,"Photo",3,4,4,15,1,5212,9035,736,642,1005,6258,3608,597,1,179,30,210,0
115893,"Photo",1,4,3,13,0,24264,51899,1599,1485,3153,48466,21928,1392,9,194,33,236,0
115368,"Photo",3,4,3,8,0,4280,7594,624,555,771,4632,2530,497,1,124,32,157,0
115368,"Photo",3,4,2,13,0,6692,11859,905,742,1165,8391,4692,737,4,304,47,355,0
115368,"Photo",3,4,2,2,1,5594,9586,739,670,1048,5732,3256,555,12,138,39,189,0
115368,"Photo",1,4,1,2,0,11336,15350,583,547,724,13876,10160,484,4,41,9,54,0
113028,"Photo",2,4,7,3,1,5582,9903,708,620,923,6315,3422,557,2,163,35,200,0
113028,"Photo",1,4,6,14,0,28352,55202,1476,1242,1990,47899,24512,1185,45,407,76,528,1
113028,"Status",2,4,6,3,1,17912,34774,2750,2567,6591,21009,11408,2256,17,447,123,587,1
113028,"Link",1,4,5,7,1,35360,45260,339,325,477,9105,5472,156,7,38,11,56,0
113028,"Photo",1,4,5,5,0,9084,15194,962,916,1897,11853,7024,758,2,93,26,121,0
113028,"Photo",1,4,4,12,1,6880,11736,671,639,889,9389,5232,556,0,59,16,75,0
111620,"Photo",3,4,4,7,1,12824,18929,830,623,864,15678,10968,705,0,286,30,316,0
111620,"Photo",3,4,3,7,0,6596,9835,564,526,678,8242,5352,456,0,66,13,79,0
111620,"Photo",3,4,2,13,1,7492,12414,838,713,1274,8452,5024,670,8,236,51,295,0
111620,"Photo",1,4,2,6,1,44288,60918,1215,1105,1746,22130,14224,814,2,152,11,165,0
111620,"Photo",1,4,7,14,0,128064,251269,1539,1408,2506,84046,32384,985,8,186,18,212,0
109670,"Photo",3,4,6,20,0,5994,9970,964,838,1254,6896,3998,683,11,235,34,280,0
109670,"Photo",1,4,6,13,0,6172,10417,718,684,906,7692,4234,508,1,64,22,87,0
109670,"Photo",3,4,6,3,0,4986,8198,662,614,788,5685,3230,469,2,92,28,122,0
109670,"Photo",1,4,5,13,0,6668,10701,669,642,943,7956,4696,492,3,53,13,69,0
109670,"Photo",3,4,5,7,1,5298,8875,657,575,874,5640,3206,471,5,140,38,183,0
109670,"Photo",1,4,4,3,0,35008,45508,621,597,768,8149,4864,389,0,48,8,56,0
109670,"Photo",1,4,3,13,1,5402,8891,700,633,1078,6733,3992,514,0,112,14,126,0
109670,"Photo",1,4,3,8,0,9880,12695,524,497,658,7072,4732,382,0,35,5,40,0
109670,"Photo",1,4,2,13,0,3334,5953,584,565,842,4954,2604,440,4,37,3,44,0
109670,"Photo",3,4,2,2,1,3130,5313,522,495,616,3821,2112,385,0,48,14,62,0
109670,"Photo",2,4,1,13,1,32208,55696,1933,1367,2123,43980,24720,1568,6,766,109,881,1
109670,"Photo",1,4,1,2,0,20920,26026,705,642,913,13546,9768,538,1,96,18,115,0
109670,"Photo",3,4,7,14,0,3884,6406,518,483,597,4747,2686,392,1,57,13,71,0
107907,"Photo",3,4,7,13,0,4240,7057,601,542,730,5026,2868,461,3,114,21,138,0
107907,"Photo",1,4,6,9,0,3544,6156,509,482,701,5011,2746,387,1,51,6,58,0
107907,"Photo",3,4,6,3,1,3286,6276,504,458,633,4010,2162,376,1,87,27,115,0
107907,"Photo",1,4,5,9,0,71360,110172,1784,1732,3383,47977,25888,1103,5,81,11,97,0
107907,"Photo",3,4,5,3,0,3824,6333,666,627,822,4447,2604,462,1,71,18,90,0
107907,"Photo",3,4,4,13,0,6360,11079,715,631,1028,6661,3864,505,9,164,52,225,0
107907,"Photo",3,4,4,5,1,3714,6385,537,481,645,4441,2512,395,5,91,26,122,0
107907,"Photo",1,4,3,13,1,46192,80227,1364,1096,1697,32842,16960,762,9,329,38,376,0
107907,"Photo",1,4,3,4,1,39568,47128,741,652,957,22022,16096,519,4,128,17,149,0
107907,"Link",1,4,2,6,0,70912,94172,1374,1106,1267,42338,27232,788,1,379,40,420,0
107907,"Photo",3,4,1,3,0,4552,7253,471,444,569,4440,2664,316,1,52,24,77,0
107907,"Photo",3,4,7,10,0,4390,7004,484,453,602,4607,2862,347,1,63,26,90,0
107907,"Photo",3,4,7,3,0,4770,7716,494,455,632,5040,3114,344,2,97,25,124,0
106928,"Photo",3,4,6,9,1,2970,4649,421,390,544,3346,2044,301,2,56,9,67,0
106928,"Link",1,4,6,4,0,34192,42092,338,322,389,22907,16464,230,1,36,7,44,0
106928,"Photo",2,4,5,13,0,5302,8769,624,566,979,6021,3606,441,4,138,26,168,0
106928,"Photo",2,4,5,3,0,5560,9301,642,586,984,6600,3916,463,7,142,24,173,0
106928,"Photo",3,4,4,13,0,4406,6769,477,433,571,4550,2830,335,1,75,15,91,0
106928,"Photo",1,4,4,3,1,5290,8132,612,570,857,6032,3794,454,1,89,14,104,0
104070,"Photo",1,3,5,14,1,3696,5824,517,474,742,4166,2650,391,2,63,16,81,0
104070,"Photo",1,3,4,14,1,6030,9579,735,659,1448,6956,4418,572,3,176,29,208,0
104070,"Photo",1,3,4,7,0,49632,1110282,1653,1480,2567,1107833,48368,1513,7,227,15,249,0
104070,"Status",1,3,3,15,0,9120,14759,951,937,1290,13246,8004,924,3,25,6,34,0
104070,"Photo",1,3,3,10,0,1874,2474,25,25,31,1483,1062,15,0,0,0,0,0
102112,"Photo",1,3,3,10,0,4122,7073,466,455,609,5827,3302,361,1,27,11,39,0
102112,"Photo",1,3,3,4,0,5080,8238,523,505,727,6630,3892,403,0,39,14,53,0
102112,"Photo",1,3,2,12,0,4068,7333,538,513,934,5914,3198,402,0,61,13,74,0
102112,"Photo",1,3,2,3,0,3272,6079,463,446,653,5079,2644,357,0,32,7,39,0
102112,"Photo",1,3,1,19,0,238,570,143,142,834,567,236,99,0,2,0,2,0
102112,"Photo",1,3,1,18,0,3358,5900,541,507,4550,4650,2800,344,8,109,3,120,0
102112,"Photo",1,3,1,18,0,6400,11941,735,726,8415,10987,5916,628,0,32,6,38,0
102112,"Link",3,3,1,3,0,6876,10885,282,245,337,9403,5752,259,2,68,15,85,0
100732,"Photo",1,3,7,18,0,391,746,131,130,766,723,380,93,0,6,1,7,0
100732,"Photo",1,3,7,17,0,10844,22468,1409,1339,11064,18310,8848,1086,4,213,13,230,0
100732,"Photo",1,3,7,15,0,5132,9067,398,398,1690,9065,5132,393,0,2,0,2,0
100732,"Photo",1,3,7,15,0,3772,6971,144,144,1033,6932,3758,140,0,3,0,3,0
100732,"Link",1,3,7,14,0,2933,5144,24,23,26,3972,2012,19,0,6,0,6,0
100732,"Photo",1,3,7,12,0,4094,7469,206,203,1420,7451,4088,200,0,4,0,4,0
100732,"Photo",1,3,6,17,0,452,726,186,184,889,721,450,114,0,4,1,5,0
100732,"Photo",1,3,6,17,0,11420,23855,1411,1342,8049,16634,8032,865,12,211,14,237,0
100732,"Photo",1,3,6,15,0,5704,10510,452,450,2895,9348,5388,361,1,15,1,17,0
100732,"Photo",1,3,6,15,0,7192,12811,587,554,3941,11519,6616,472,11,95,4,110,0
100732,"Photo",1,3,6,13,1,9604,16557,1061,1037,9614,13618,7984,705,16,127,0,143,0
100732,"Photo",1,3,6,10,0,122944,457509,1373,1268,2106,72846,13184,475,0,136,13,149,0
98195,"Link",2,3,6,6,0,5730,10083,103,71,97,8964,4830,92,2,32,15,49,0
98195,"Photo",1,3,6,3,0,4898,7960,560,528,719,6380,3730,363,1,76,9,86,0
98195,"Photo",1,3,5,10,0,4118,7355,546,526,675,6423,3466,379,1,28,7,36,0
98195,"Photo",1,3,5,4,1,1845,2670,9,9,9,1614,1008,9,0,0,0,0,0
98195,"Photo",3,3,4,13,0,34480,191207,1591,1156,1926,184270,30720,1292,10,664,97,771,1
96749,"Photo",3,3,2,9,0,5338,9940,589,556,715,8146,3920,363,1,62,10,73,0
96749,"Photo",2,3,2,5,0,5312,9411,603,582,795,7034,3588,345,0,48,20,68,0
96749,"Photo",1,3,1,13,1,4412,8070,711,678,926,6937,3478,346,1,55,7,63,0
96749,"Photo",1,3,1,2,1,98816,125026,11452,11328,18115,16682,10336,1356,10,197,21,228,0
96749,"Photo",1,3,7,10,1,7220,12735,2348,2300,3311,9837,5296,642,6,88,24,118,0
96749,"Photo",1,3,7,5,1,14320,21958,1850,1819,2170,9579,4664,413,2,59,6,67,0
93684,"Photo",1,2,6,13,1,27056,162816,2299,2127,2737,160270,25424,1146,6,234,26,266,0
93577,"Photo",1,2,6,6,0,20528,33000,1876,1800,2654,14636,7632,656,3,148,21,172,0
93470,"Photo",1,2,5,12,0,6416,11459,1362,1313,1652,9122,4716,497,0,96,29,125,0
93363,"Photo",1,2,5,6,0,5786,10634,1237,1218,1526,9103,4764,483,4,49,15,68,0
93256,"Photo",3,2,4,12,0,5878,10508,1132,1087,1380,8471,4528,446,3,98,27,128,0
93149,"Photo",3,2,4,3,0,9528,16535,1383,1288,1834,11276,6260,630,14,198,70,282,1
93042,"Photo",3,2,3,13,0,8500,14157,1095,1029,1422,9670,5640,465,5,159,53,217,0
92935,"Photo",1,2,3,9,1,3796,6737,949,940,1192,5249,2694,398,1,22,6,29,0
92828,"Photo",1,2,3,6,0,28128,42940,2283,2190,3400,9183,4560,621,6,154,18,178,0
92721,"Photo",3,2,2,13,0,7228,12627,1239,1189,1612,9781,5348,606,5,128,32,165,0
92614,"Photo",2,2,2,3,1,5290,9100,1053,994,1326,6285,3578,441,2,129,32,163,0
92400,"Photo",1,2,1,4,0,5880,10115,1291,1264,1878,8536,4884,706,5,79,11,95,0
92293,"Photo",3,2,7,13,1,10040,17029,1429,1346,2022,11744,6964,742,19,214,78,311,1
92186,"Photo",3,2,7,2,1,153536,497910,1713,1633,2493,8907,5696,593,8,134,34,176,0
92079,"Photo",1,2,6,13,0,158208,453213,2482,2319,3412,81938,20608,1034,9,268,36,313,0
91972,"Photo",3,2,6,3,0,6484,10832,1166,1115,1441,7316,4280,583,4,128,38,170,0
91865,"Photo",2,2,5,13,1,4840,7466,949,923,1116,5362,3370,447,3,47,21,71,0
91758,"Photo",2,2,5,3,1,15880,51571,1188,1071,1410,47976,13560,677,1,200,37,238,0
91651,"Photo",1,2,4,12,0,15288,31467,1573,1401,2110,28247,13312,1052,5,264,36,305,0
91544,"Photo",3,2,4,3,0,9528,16779,1245,1175,1725,11885,6672,729,10,193,61,264,0
91437,"Link",1,2,3,13,0,9356,14986,448,381,505,13919,8460,392,4,114,13,131,0
91330,"Photo",3,2,3,3,0,7732,13264,1066,1002,1336,8753,4880,570,7,160,57,224,0
91223,"Photo",1,2,2,13,0,5240,8893,857,837,1020,7420,4232,466,0,46,15,61,0
91116,"Photo",3,2,2,4,1,7132,12060,1004,944,1226,8294,4736,576,4,136,42,182,0
91009,"Photo",1,2,1,12,0,21928,39641,1512,1479,1837,6338,3672,497,0,73,13,86,0
86909,"Photo",3,1,6,16,1,5754,9238,1179,1143,1452,6101,3546,420,0,65,19,84,0
86909,"Photo",1,1,6,10,1,37088,10966,2728,2288,3183,66311,34352,2021,7,579,47,633,1
86909,"Link",1,1,6,4,0,39600,7927,572,496,581,12522,8176,167,1,101,5,107,0
86909,"Photo",3,1,5,13,0,5536,8745,1141,1099,1461,5225,3098,483,1,74,31,106,0
86909,"Photo",3,1,5,4,0,6056,10325,1117,1078,1427,6823,3788,487,7,84,36,127,0
86909,"Photo",2,1,4,11,0,11484,20696,1762,1635,2741,8774,5124,722,56,360,99,515,1
86491,"Link",1,1,4,4,1,4938,7910,66,63,70,6625,3804,59,0,5,2,7,0
86491,"Photo",3,1,3,10,0,66784,9456,2969,2833,3645,17809,11328,801,3,187,36,226,0
86491,"Photo",2,1,3,3,0,5526,8779,1096,1058,1399,5732,3412,453,2,69,26,97,0
86491,"Photo",3,1,2,7,0,5040,8367,1062,1023,1348,5485,3068,437,2,82,24,108,0
86491,"Link",1,1,2,2,0,5168,8371,66,59,71,7041,3996,58,0,12,2,14,0
85979,"Photo",3,1,1,12,0,5034,8030,1020,993,1243,5340,3094,440,2,56,25,83,0
85979,"Photo",3,1,1,2,0,4908,7491,957,937,1153,4642,2842,393,1,44,21,66,0
85979,"Photo",3,1,7,10,0,9700,17442,1407,1271,2007,8872,4876,660,21,277,80,378,1
85979,"Photo",3,1,7,2,0,4800,7754,975,938,1278,4932,2820,432,1,74,28,103,0
85979,"Photo",3,1,6,11,0,5280,8703,951,911,1237,5757,3300,431,1,79,30,110,0
85979,"Photo",3,1,6,3,1,6184,10228,956,901,1140,6085,3502,437,1,105,46,152,0
85979,"Link",1,1,5,11,0,45920,5808,753,655,763,15766,10720,220,0,128,9,137,0
85093,"Photo",3,1,1,2,0,8412,13960,1179,1111,1632,8632,5348,699,17,185,55,257,1
85093,"Photo",3,1,7,10,0,5400,9218,810,756,1003,5654,3230,422,10,125,41,176,0
85093,"Photo",3,1,7,2,0,4684,7536,733,708,985,4750,2876,392,5,53,26,84,0
81370,"Photo",2,1,5,8,0,3480,6229,537,508,687,3961,2104,301,0,53,22,75,0
81370,"Photo",1,1,5,2,0,3778,7216,625,572,795,4742,2388,363,4,93,18,115,0
81370,"Photo",3,1,4,11,0,4156,7564,626,574,832,4534,2452,370,7,91,38,136,0
141416,"Photo",2,4,4,9,0,54585,110906,2936,2859,3275,17692,28345,264,23,198,60,281,1
122381,"Video",2,5,6,8,1,40863,37089,1422,433,1054,24895,16057,1097,10,564,45,619,1
129598,"Status",3,12,1,7,0,47981,115720,1891,2751,3514,18333,23226,602,30,679,68,777,1
125303,"Photo",3,8,2,5,1,58804,62077,1135,2125,2639,21620,30182,1738,32,117,94,243,1
129683,"Photo",2,14,2,4,1,15347,111038,3269,681,1728,69780,24101,1647,32,666,101,799,1
144697,"Video",2,6,4,3,0,6763,56671,1082,1076,4412,69094,16017,230,33,726,18,777,1
121787,"Photo",3,1,3,14,1,49844,56911,3138,1970,1069,50414,18201,652,18,545,87,650,1
150697,"Photo",2,14,4,5,0,35122,146497,2075,2513,3452,40491,13453,1118,29,150,107,286,1
113540,"Photo",1,9,2,6,0,43235,23911,927,1520,3261,51126,13451,2713,40,898,123,1061,1
146566,"Photo",1,4,3,12,0,59978,41000,2397,3077,3322,98447,15647,1193,30,117,88,235,1
116655,"Status",3,11,3,10,1,39243,19858,1956,1415,1151,75325,4791,1570,24,403,102,529,1
108523,"Video",3,9,1,9,1,22438,113177,1503,1685,769,50427,7100,1962,14,813,68,895,1
107126,"Photo",3,4,2,8,0,92405,88241,1254,2214,2416,23825,12931,963,30,642,128,800,1
127544,"Photo",3,12,5,13,0,16880,89868,1884,645,1595,39760,19045,1709,40,378,68,486,1
115019,"Photo",2,5,5,7,0,56899,71230,1041,169,2351,15286,40185,707,42,1114,74,1230,1
136520,"Photo",2,10,5,4,1,116074,10404,3271,1660,3390,29601,10667,1288,25,1006,85,1116,1
109279,"Photo",2,5,3,11,1,71683,62166,2370,2957,2796,27989,13485,517,22,813,26,861,1
100208,"Photo",2,6,2,0,0,85630,83938,2339,2605,1323,27510,13150,736,23,221,86,330,1
122598,"Video",2,9,4,9,0,52556,28290,3094,3246,3982,42706,26068,861,22,584,46,652,1
114301,"Photo",2,3,7,15,0,37111,95457,3305,1691,2588,12832,15650,311,27,1042,2,1071,1
144027,"Photo",1,7,6,12,0,13557,41270,1769,1777,4376,18890,17447,2252,28,1060,55,1143,1
127760,"Photo",3,9,4,3,0,47154,22168,791,1151,3575,63064,16234,1603,34,252,68,354,1
125171,"Photo",1,11,6,3,1,27820,82670,2918,1895,297,32290,22957,1393,27,704,52,783,1
127724,"Photo",3,5,6,11,0,99941,27217,2748,1016,2183,21755,28533,2113,4,313,15,332,1
132140,"Status",2,11,4,5,0,29042,106660,462,577,2984,17894,23744,1696,17,445,58,520,1
121149,"Photo",3,8,0,9,0,50364,21774,1867,262,1500,16949,4454,1427,20,968,56,1044,1
134686,"Status",3,6,10,2,1,75002,115698,2230,107,2710,29184,28840,623,11,1095,110,1216,1
133300,"Status",1,6,3,5,0,13672,90908,904,1179,2648,40227,23324,901,32,658,76,766,1
114246,"Photo",1,10,5,2,1,54629,21769,2130,2127,1134,43452,3468,1234,23,1429,57,1509,1
144176,"Photo",2,4,7,8,0,23637,15045,2650,1061,4106,67994,33728,813,53,532,115,700,1
133220,"Photo",1,10,3,7,0,51547,73369,1745,172,4042,16837,33335,1061,27,753,88,868,1
108288,"Status",1,4,2,5,0,76869,93174,3950,1325,4426,1816,22414,161,16,590,46,652,1
137810,"Photo",3,11,6,5,1,38862,70135,2345,1119,2450,29362,12147,131,1,519,87,607,1
132242,"Status",2,8,4,1,0,19973,49565,2721,694,1976,34574,12317,1608,2,777,80,859,1
137451,"Photo",3,6,5,8,1,72579,94366,1905,1288,935,47633,28219,244,24,1148,71,1243,1
131613,"Photo",2,12,3,7,1,23468,80620,858,698,4116,2420,4458,1195,11,874,57,942,1
130827,"Photo",3,3,1,7,1,26279,132520,2806,365,73,33698,16537,965,23,887,15,925,1
101565,"Status",3,8,2,12,1,21998,149365,3048,540,2217,12002,14681,475,12,423,67,502,1
139704,"Status",2,9,8,8,0,49070,10169,1559,1314,3769,46245,10065,782,18,118,67,203,1
115824,"Photo",3,11,3,7,1,33199,104384,2302,1114,2499,41177,17788,1199,19,163,106,288,1
104844,"Video",3,8,5,12,0,18618,63025,1301,2395,767,22204,16909,380,17,306,36,359,1
140379,"Photo",1,10,4,13,0,9291,9025,353,174,844,57615,21604,942,16,175,43,234,1
99488,"Photo",1,5,2,12,1,12986,86760,1002,1021,1405,9976,11480,952,28,444,84,556,1
137071,"Photo",2,9,2,6,1,40483,52016,1939,1280,1602,18565,20045,627,10,105,46,161,1
138433,"Status",1,8,2,6,0,1373,98548,2042,566,1603,63678,11951,574,12,135,42,189,1
157543,"Photo",2,1,2,0,0,29327,74675,1598,1365,3878,20201,19307,1303,28,821,64,913,1
102069,"Photo",3,1,6,3,0,36781,31639,2266,878,2988,44314,1389,259,40,775,109,924,1
112420,"Photo",3,3,3,3,0,6061,72351,279,478,2163,25757,14403,275,34,186,66,286,1
113270,"Video",3,10,2,11,0,37393,27246,3797,2298,923,40293,35429,371,45,792,79,916,1
127074,"Photo",1,10,2,8,0,45802,95996,741,1726,1995,33758,4762,879,63,784,59,906,1
152857,"Status",3,2,4,3,0,18850,118666,1588,357,1239,21038,13287,972,24,633,49,706,1
89172,"Photo",2,7,4,3,1,47693,59920,2752,1258,3210,10877,17587,535,7,471,72,550,1
125476,"Photo",3,6,3,3,0,79645,74535,2842,4797,2373,51078,12345,2225,30,427,59,516,1
114864,"Status",1,8,5,10,1,57255,92328,2211,713,892,76327,15850,977,18,767,62,847,1
109761,"Photo",3,6,4,3,1,49676,30314,3279,289,2335,70765,12038,1928,9,451,59,519,1
140374,"Status",3,6,3,0,0,17403,26081,939,2252,3256,15275,15413,1897,7,658,90,755,1
131852,"Photo",2,11,5,9,0,44743,85416,2466,595,3614,8764,7431,3531,29,455,99,583,1
117290,"Photo",3,8,0,2,1,41321,11580,839,131,470,15895,19919,1568,23,471,60,554,1
111187,"Photo",3,4,5,1,1,18864,41613,2033,1868,2560,5298,17179,2116,9,390,37,436,1
120312,"Photo",3,2,5,17,0,34713,152446,1344,124,2750,119865,7663,978,11,343,120,474,1
114189,"Photo",2,11,3,6,0,21760,35297,2089,1381,1388,123346,23183,1447,29,255,85,369,1
154966,"Photo",3,14,4,5,0,41098,25780,1411,2740,381,38213,21741,1680,23,694,114,831,1
100259,"Photo",3,13,2,2,0,30862,18314,2275,1380,1261,37638,952,1438,3,474,60,537,1
110973,"Photo",3,9,2,7,0,43530,56023,185,1181,1453,71114,11476,1464,27,965,53,1045,1
114637,"Photo",2,13,0,3,0,35240,107375,571,2738,3694,61824,9839,1759,28,250,88,366,1
120192,"Video",1,11,3,4,0,61950,64288,1374,2429,3481,1487,22545,1635,16,215,65,296,1
115901,"Photo",3,11,1,4,0,31656,68720,837,1497,2676,73702,2333,1674,47,460,41,548,1
136324,"Photo",2,4,8,11,0,50349,73162,1073,1530,2312,65082,11854,1404,16,836,53,905,1
138742,"Photo",3,6,6,7,0,48204,3566,1348,65,2641,2929,115,1222,18,500,62,580,1
129222,"Status",2,12,6,7,1,6940,103613,1114,1737,839,35977,12398,1546,14,1045,90,1149,1
142887,"Status",3,12,4,14,0,41943,113576,2441,1446,1395,30619,28560,1357,2,536,50,588,1
134545,"Photo",3,9,1,13,1,82887,102651,1452,732,2192,36374,25066,967,13,575,59,647,1
138758,"Photo",2,12,4,6,0,42978,73939,1031,1012,4014,5100,18884,1298,31,236,101,368,1
100081,"Photo",2,6,3,8,1,42055,19196,1841,575,611,57217,28873,1276,25,963,47,1035,1
137170,"Photo",3,4,5,10,0,78177,104290,1944,1746,1110,25755,9994,943,30,769,113,912,1
118573,"Photo",2,5,3,4,0,28023,66144,293,1886,701,63458,24956,495,23,194,76,293,1
120861,"Photo",2,10,4,10,0,15406,50064,2405,1565,4489,30492,24945,1128,19,404,62,485,1
113024,"Photo",2,7,3,8,1,26549,30051,1925,2650,3412,45425,14013,1055,31,402,99,532,1
103273,"Video",1,8,2,6,0,18386,37710,2149,72,152,50089,9735,862,20,509,139,668,1
101035,"Status",3,9,2,3,0,15416,63995,2610,3566,1437,29735,34769,247,18,606,77,701,1
116737,"Photo",1,14,2,1,1,64455,19748,2111,2079,0,37829,33403,1214,33,1069,59,1161,1
122112,"Video",3,10,2,1,0,13065,41938,575,3499,1830,17684,8487,1545,13,855,89,957,1
143740,"Status",1,9,2,11,1,32903,54762,3408,1857,8314,16995,3662,921,1,19,101,121,1
138535,"Photo",2,11,5,12,0,6011,62813,2051,1721,4738,41226,10802,1015,21,619,86,726,1
129194,"Photo",1,8,4,8,0,26396,103456,3689,3114,2621,23764,8404,643,9,598,72,679,1
114984,"Photo",3,8,3,14,0,9871,44184,2646,1759,7025,16543,27329,2054,28,777,28,833,1
154380,"Status",3,11,1,5,0,30166,19483,711,3835,3736,25267,19835,1719,28,840,21,889,1
125828,"Photo",3,7,7,9,0,7494,31579,536,1491,4414,37272,20741,833,22,613,64,699,1
131860,"Photo",1,8,2,3,0,34496,12330,3297,3534,3533,25268,2069,1165,28,194,49,271,1
133611,"Status",2,8,4,6,0,50446,69856,4647,2429,2036,60318,19950,1802,1,392,86,479,1
126459,"Photo",1,5,2,5,1,22413,91515,548,3387,4472,21959,9157,1993,21,345,60,426,1
143365,"Photo",3,12,8,8,1,24160,63735,2926,913,3276,32718,17475,1393,36,504,51,591,1
103471,"Video",1,6,5,9,1,10485,71163,1803,3866,2234,55601,12386,1230,27,823,120,970,1
140633,"Photo",1,4,6,3,0,54563,5563,2335,1797,2393,16794,16609,468,6,647,110,763,1
150309,"Photo",3,10,4,12,0,92118,39111,2705,2192,2429,31436,10792,687,38,786,48,872,1
125077,"Photo",1,9,5,3,1,57930,34046,2426,1153,3726,4855,21870,1460,2,695,57,754,1
126015,"Photo",2,5,6,0,1,5976,116154,1685,1219,2485,13925,9325,1926,0,586,81,667,1
111565,"Photo",3,8,5,8,0,54662,107233,370,283,3052,26916,280,770,17,828,109,954,1
133758,"Photo",2,6,3,3,1,53296,28723,1586,852,3409,17018,19216,684,62,333,49,444,1
126539,"Photo",2,16,5,1,0,100004,6058,3402,1583,947,32367,16667,759,57,499,65,621,1
138927,"Video",2,9,7,13,1,34375,127742,1702,1691,580,40562,24734,778,10,281,92,383,1
135469,"Status",1,9,3,4,0,40171,43890,4208,587,2121,32336,17751,1247,37,500,53,590,1
131660,"Photo",2,14,3,5,0,47748,38561,872,1307,2975,30327,5011,1443,30,470,20,520,1
118288,"Photo",1,5,3,10,1,76621,187023,761,1781,3037,26409,20149,2128,23,453,41,517,1
141552,"Photo",1,6,5,10,0,94569,12773,862,2683,2398,39590,20749,401,33,32,43,108,1
94951,"Video",3,8,4,6,1,20959,71530,2889,1766,1792,41077,21121,1228,46,275,119,440,1
132525,"Photo",3,4,7,5,1,54769,104215,2401,4198,1207,67351,12197,2036,43,492,47,582,1
130118,"Photo",3,7,3,5,0,10062,59190,2052,1484,2794,43467,31164,1410,28,359,40,427,1
128630,"Photo",3,12,7,4,1,21631,48541,3274,3023,3441,19048,6854,1422,30,778,33,841,1
125885,"Photo",1,4,3,8,0,59618,50704,2807,351,4176,16010,19102,1563,1,708,75,784,1
156106,"Photo",3,5,2,6,0,26281,83586,3159,549,3737,6190,22465,228,14,942,94,1050,1
137899,"Photo",1,2,7,4,0,58509,121575,1319,2444,1713,18600,18642,2238,8,326,101,435,1
143994,"Photo",1,3,4,1,1,41316,91499,2397,1198,2255,75861,10722,1266,11,779,64,854,1
141494,"Status",3,4,0,8,0,60023,40143,1764,780,3723,20295,20757,2570,30,361,59,450,1
136111,"Photo",3,9,6,1,1,44828,102236,1733,1102,1877,41483,22397,1216,36,578,35,649,1
131874,"Photo",1,7,2,10,1,25689,48773,1458,2246,2870,12446,12475,1297,52,561,66,679,1
106961,"Photo",3,8,3,6,0,20203,46224,2877,194,1006,42570,7733,1262,24,488,50,562,1
144037,"Photo",3,9,6,5,0,40346,35216,3305,1463,3394,42300,13489,2543,27,562,86,675,1
99834,"Photo",3,8,4,15,1,15906,71411,2110,3200,3661,49267,24148,719,38,435,72,545,1
129413,"Photo",1,7,5,7,0,6543,33692,2658,311,3204,29686,26628,985,9,593,76,678,1
82032,"Photo",1,9,4,3,0,39902,36551,1827,94,2259,35133,25455,2334,26,396,73,495,1
110925,"Photo",3,6,4,5,1,44764,85557,3224,1797,2566,45682,20424,324,20,968,58,1046,1
121172,"Photo",2,5,5,1,1,19064,90657,1031,1680,1922,25400,22117,1999,42,777,54,873,1
93088,"Video",3,8,4,5,0,87083,107907,691,1840,2665,40488,16407,1309,32,149,73,254,1
118539,"Photo",3,10,4,6,0,42133,97509,1111,861,4195,5322,9400,1442,25,462,44,531,1
114005,"Photo",2,10,6,17,0,38658,105751,1501,1742,3206,13543,34049,859,12,532,115,659,1
129883,"Photo",1,1,5,3,0,7963,110537,1973,514,3442,16042,2976,895,7,627,60,694,1
127901,"Photo",1,11,3,13,1,52848,33708,259,78,1337,11838,33200,992,38,214,68,320,1
104622,"Photo",3,9,5,6,0,72748,6140,2449,677,2572,26534,13739,645,33,588,91,712,1
142540,"Photo",2,6,2,6,0,17942,118524,2118,1208,2605,53569,9988,568,29,824,111,964,1
110536,"Photo",3,0,1,6,1,75494,84020,202,843,1043,42302,17464,848,0,811,84,895,1
103768,"Photo",3,8,0,2,0,16524,58953,2526,2385,2004,20918,29185,786,16,529,67,612,1
127988,"Photo",3,8,4,9,0,19632,93813,1758,1238,2958,52029,4232,931,34,586,12,632,1
109424,"Video",1,6,7,4,1,97431,140086,843,823,3746,11923,8408,164,0,34,91,125,1
122575,"Status",2,5,4,9,0,53533,37738,1358,2381,1261,64406,13385,299,23,364,88,475,1
107218,"Photo",3,5,6,6,1,73635,193136,2514,3050,442,37209,22959,1938,32,461,91,584,1
135382,"Photo",2,9,4,15,0,28184,141820,2340,1462,726,71643,27107,1505,11,1184,21,1216,1
140717,"Photo",2,2,2,6,1,43469,106350,242,779,879,90605,19062,1231,41,603,63,707,1
105705,"Photo",1,7,3,5,0,29993,36498,1277,1006,2213,102707,23558,1204,39,930,74,1043,1
117001,"Photo",3,10,6,6,1,55085,28008,1546,1408,3457,80996,25009,1124,26,734,17,777,1
126319,"Photo",1,12,6,7,0,24615,74536,1594,1841,3139,29693,13655,2631,35,430,66,531,1
126928,"Photo",1,7,2,6,0,69248,65372,2198,1496,1832,10688,14198,549,28,133,61,222,1
105027,"Photo",2,8,4,5,0,17713,114143,1114,1523,2714,35504,20761,486,41,688,54,783,1
107126,"Photo",3,5,5,9,1,71461,33234,1331,1575,2998,57740,20303,582,19,708,47,774,1
125643,"Photo",2,9,5,6,0,44982,20305,840,2834,1764,14864,28270,473,31,399,108,538,1
95690,"Photo",3,8,5,8,1,27321,133605,2749,1587,3311,12767,23064,93,6,107,60,173,1
131713,"Photo",2,5,5,7,1,24150,64375,2602,2598,443,38777,18701,3112,17,397,97,511,1
112132,"Photo",2,5,3,3,0,76281,78485,1748,2750,5354,36584,26615,1091,40,1147,30,1217,1
152588,"Photo",2,8,5,5,0,21587,14885,3365,1612,230,25143,27982,2080,36,872,48,956,1
134720,"Photo",3,9,6,10,0,53307,26376,2028,3877,3211,21419,10324,415,48,425,58,531,1
115624,"Photo",2,7,4,5,0,789,57439,2519,1838,1600,89297,18851,1398,44,586,47,677,1
116955,"Status",1,8,0,16,1,51764,26370,1873,1187,2835,23099,38913,84,6,150,83,239,1
142831,"Video",2,3,2,3,1,40413,117774,512,1944,3826,61479,26635,91,14,49,79,142,1
134159,"Photo",1,9,4,5,0,45927,84429,2857,2032,1700,42262,12728,1603,43,1016,117,1176,1
131904,"Video",3,7,3,9,0,24634,20433,1922,246,2499,132847,21734,1073,28,737,78,843,1
108660,"Photo",1,9,3,11,0,4478,135413,3360,1759,3169,32033,25053,160,36,442,43,521,1
110684,"Photo",3,1,4,7,0,32315,74838,850,2061,1520,62574,19514,1733,36,738,74,848,1
129817,"Status",1,11,3,12,0,46846,47282,1114,387,5533,17865,8183,372,39,943,88,1070,1
126732,"Photo",2,8,5,14,1,28550,104137,1773,2116,6071,62900,20280,1329,30,121,58,209,1
138263,"Photo",3,5,2,5,0,24813,28265,2607,298,2409,78080,13940,1158,29,543,70,642,1
134116,"Photo",3,5,1,12,0,30439,82644,937,1625,2054,51673,20250,1459,25,398,39,462,1
108376,"Photo",1,10,5,10,1,15512,59495,3211,2847,1158,17082,19304,2253,47,808,117,972,1
107192,"Status",2,7,2,6,0,59935,23742,1517,2097,3735,63409,25939,1552,20,585,29,634,1
103795,"Photo",3,6,6,6,0,28710,33936,1010,2202,2358,60113,10973,437,16,534,19,569,1
161213,"Photo",2,2,9,11,0,19837,119548,1357,2015,4197,67659,21718,953,4,789,72,865,1
135852,"Photo",2,8,5,5,0,2438,71743,244,1738,4260,12199,9890,221,6,840,127,973,1
121338,"Photo",1,8,6,7,0,80404,96228,1406,949,4044,20613,4499,909,31,407,69,507,1
126963,"Photo",3,8,4,5,0,63893,146021,1826,2652,648,61860,23494,736,8,1103,100,1211,1
135066,"Photo",3,8,5,1,0,67150,157411,1516,2446,3571,25896,23545,1257,42,390,43,475,1
135343,"Photo",2,10,4,1,1,69254,93917,2003,539,2730,12442,6988,1172,23,642,90,755,1
131066,"Photo",1,5,3,9,1,12968,64923,1277,455,4460,48768,7799,957,44,999,42,1085,1
115636,"Video",1,10,2,3,1,27130,145239,1020,1614,2530,29688,12227,1106,23,389,36,448,1
124663,"Photo",2,11,6,10,0,50461,33113,2668,1135,1765,45016,15661,359,7,173,87,267,1
117960,"Video",1,15,3,12,0,37683,9538,2615,826,1000,58739,16020,1135,37,565,69,671,1
134190,"Photo",2,11,5,11,1,27804,53209,2067,253,2443,60021,17771,628,6,759,81,846,1
123875,"Photo",1,8,7,5,0,56972,64929,1012,966,498,52608,24115,1122,14,609,68,691,1
138504,"Photo",3,7,2,4,0,50406,32921,2087,677,2336,29418,19556,854,39,298,119,456,1
144792,"Photo",2,4,5,6,0,49062,70617,1650,619,549,45595,14801,560,6,729,88,823,1
126288,"Photo",2,9,4,8,0,22666,48660,2570,1002,3753,5960,6274,454,44,619,84,747,1
141978,"Photo",3,4,6,6,0,46335,68553,1496,1700,2263,88429,8851,1279,54,237,57,348,1
157297,"Photo",1,7,3,9,1,32668,55593,2076,46,1809,58584,17136,1288,20,805,63,888,1
121261,"Photo",2,9,4,3,1,22629,104195,1377,1646,2840,1197,9044,812,19,1246,73,1338,1
151006,"Photo",3,11,0,9,0,35965,50129,1915,1714,3385,29527,10665,866,32,123,51,206,1
132892,"Photo",2,11,1,5,0,25627,64970,2845,1311,873,27113,16500,1521,29,78,45,152,1
131462,"Photo",1,1,3,15,0,23674,6062,1635,423,3686,33622,6632,831,38,527,31,596,1
130619,"Photo",2,8,4,8,0,47527,19391,3011,1266,1972,39576,9465,1448,31,1078,69,1178,1
113224,"Photo",1,11,3,7,0,59868,18949,1501,113,3094,43671,7125,1604,12,355,66,433,1
125677,"Photo",1,8,2,6,0,9298,8749,1402,1940,630,51573,14937,654,26,755,66,847,1
111886,"Photo",2,3,4,1,1,22649,40829,207,1711,701,17600,22160,783,28,730,28,786,1
132189,"Photo",3,8,4,6,0,49313,44468,2036,461,3008,70125,12886,705,15,285,111,411,1
132365,"Photo",2,7,4,9,0,41871,70365,1774,1109,1502,27326,27766,457,32,556,93,681,1
104169,"Photo",2,7,4,4,0,43701,105571,2667,1320,2290,42781,20893,870,28,1364,75,1467,1
131265,"Photo",2,9,1,8,0,57013,72084,627,1004,1146,18374,28446,1661,9,484,72,565,1
139276,"Photo",2,6,3,12,0,41873,33899,1321,929,517,26064,14251,974,31,144,118,293,1
138779,"Photo",1,11,6,12,0,37566,27496,2140,818,1296,64096,8845,1319,23,434,52,509,1
117905,"Photo",3,3,5,3,0,8831,93829,1593,1228,2175,9787,20590,381,7,24,55,86,1
108280,"Photo",3,3,3,10,0,52803,39444,1559,469,2376,87010,39373,996,2,324,62,388,1
161385,"Status",1,10,0,10,0,14168,72975,1676,955,1909,50602,2929,382,27,1142,102,1271,1
133647,"Photo",2,4,1,9,1,52254,123339,3081,1023,2357,38039,19009,1529,36,1068,94,1198,1
108773,"Photo",3,14,2,3,0,48503,24319,1359,780,3677,20790,5642,867,20,455,71,546,1
99673,"Status",3,13,4,20,0,49032,51277,1259,693,1986,54373,17052,1089,11,765,86,862,1
132101,"Photo",3,9,7,12,0,42850,159418,2286,1946,3385,27832,20147,273,26,1031,83,1140,1
119374,"Photo",2,10,3,0,0,34614,72209,3273,1577,1821,40026,17036,1086,3,446,53,502,1
119002,"Status",3,9,5,0,0,21746,174213,2685,1646,1690,55407,36095,1834,27,713,64,804,1
123510,"Photo",1,11,5,1,1,38671,159809,1501,2173,1368,66803,21136,1600,1,578,103,682,1
114540,"Photo",1,12,4,1,1,25455,60222,1008,543,4049,40878,25097,608,6,508,88,602,1
127761,"Status",3,7,3,4,0,54730,36717,1192,1683,5816,19503,31063,1152,28,267,114,409,1
128415,"Photo",1,4,6,10,0,53017,29314,499,2643,2344,83639,19000,1686,27,660,80,767,1
135028,"Photo",2,11,2,1,0,14587,10938,1988,373,1724,25392,11908,1200,16,543,100,659,1
116276,"Photo",1,11,5,4,1,17683,222256,3059,1222,5468,89864,30238,1198,29,472,71,572,1
132672,"Photo",1,3,4,3,1,22083,2938,752,634,4958,61439,1010,1277,4,312,162,478,1
134229,"Photo",1,4,3,11,0,55487,105185,2965,813,1961,73980,17731,695,19,944,53,1016,1
124054,"Photo",3,7,3,5,0,58168,125483,1861,1407,72,14886,7422,1280,9,1533,74,1616,1
134224,"Status",2,11,8,2,0,37862,64277,2084,607,3211,8571,14487,1185,16,127,21,164,1
136695,"Status",1,8,2,11,0,56635,87646,2085,1335,917,37114,22280,985,40,319,25,384,1
113767,"Photo",3,4,7,1,0,37635,73669,2090,710,2319,11009,13846,1548,37,105,75,217,1
138855,"Video",1,7,3,8,1,34277,57104,835,1894,1943,14422,10635,491,34,692,107,833,1
102624,"Photo",2,8,5,2,1,50171,35294,4490,3521,4134,42727,12837,1680,36,809,52,897,1
158570,"Photo",1,9,4,6,0,12263,77380,1492,319,5451,9167,16900,2627,15,916,97,1028,1
120232,"Photo",1,9,1,0,1,63799,15895,704,3816,1292,8125,17214,1455,29,37,75,141,1
122138,"Photo",2,6,5,11,0,11748,120654,1575,1775,1281,15810,29088,1208,56,939,114,1109,1
141457,"Photo",2,5,3,6,0,35677,71217,3160,54,5231,28210,31073,2158,50,889,79,1018,1
112566,"Photo",3,12,3,8,1,45025,50479,1043,3335,3224,32796,20391,260,19,636,79,734,1
124315,"Photo",2,9,4,6,1,18994,99683,758,1633,5178,66787,28780,1759,49,690,68,807,1
114475,"Photo",1,3,6,4,1,40281,70006,2374,3505,745,17250,13776,2270,25,194,56,275,1
122191,"Photo",3,10,8,1,1,55346,55360,1559,2216,6750,32813,30905,1715,21,737,75,833,1
